0.918294,0.0303561,0.163771,-0.35415,-0.70986,-0.466693,-0.0253995,-0.321708,0.600817,-1.44868,-1.2315,-1.95759,0.796886,1.46899,0.0113364,-0.503588,-1.11584,-0.678397,0.816285,1.26989,0.576859,-0.375983,-0.768302,-2.0378,1.02224,-0.300896,-0.826138,1.81968,-1.14839,1.23332,-0.48678,-1.24758,-0.620933,0.160744,0.0733863,0.96327,0.246001,-0.231264,1.14067,-1.75251,2.34391,-0.420826,-0.419602,-0.875315,0.226526,-0.653309,1.30071,-0.266075,1.05236,1.83471,-1.35922,0.744585,-0.918694,-1.50028,-0.258156,-0.677737,-0.606872,0.362427,2.75724,1.17846,-1.00793,1.65314,1.26972,-0.215664,0.644658,0.681863,-0.529655,-0.0542863,-1.18283,-1.44713,-1.95013,-0.441931,-0.132337,3.83824,0.721947,0.391059,0.122115,0.962278,-0.259683,0.5825,-0.380665,0.0581169,-0.336105,-1.40273,0.496951,0.21211,0.935053,0.534287,0.979756,-0.639071,1.56982,0.713968,1.6231,1.10714,1.72829,0.261584,-2.25759,0.783277,-1.09474,-0.223645,-0.436791,-0.313469,-0.109964,-0.779102,0.28836,-1.31006,-0.332887,0.133772,-0.55538,0.0971988,0.742982,-0.176806,-1.3043,-0.104837,0.760298,0.370618,-0.444979,-0.148537,0.0829188,-1.39938,-0.936567,-0.51553,0.135918,-0.700612,0.807265,2.43685,0.790485,-0.0355846,-0.87991,-0.681769,-2.08211,-0.760457,-1.20366,-0.251235,0.697825,0.151099,-1.20048,-1.07039,0.428285,0.148833,0.135828,0.851239,1.43002,-0.184683,1.21152,-1.27596,0.587623,0.357856,-0.759852,-0.0442256,0.579662,0.126821,0.786611,0.685957,-0.539107,1.13757,0.062704,-1.40899,-1.36133,0.382872,0.950782,-1.31713,0.111478,-0.676991,0.784396,-1.23596,-0.897876,-0.561616,0.145579,-0.585104,-0.965505,-1.46196,1.00316,1.12347,0.367419,-0.268272,1.69758,-0.0556249,-1.90989,-0.251053,1.13083,1.68945,0.602048,0.471352,0.52502,0.0337602,-0.387816,0.067112,0.441198,-1.18979,0.941125,-1.58347,1.39034,1.99593,1.94018,0.776878,-0.613226,1.66359,-2.01425,1.48856,0.583637,-1.2388,-0.220206,0.331952,1.19121,0.547391,0.393546,-0.647493,-0.665282,-0.923484,-0.0439267,1.65496,1.11744,-1.5293,1.54311,-0.568991,0.550689,2.06672,2.37499,0.78881,0.098849,0.452821,1.21306,0.196092,-0.352621,-0.895638,-1.05226,0.0300344,0.732535,1.31025,0.305691,0.910708,0.131262,1.44861,-0.685423,-0.273665,-1.022,-0.61145,-0.162397,1.70867,0.312056,-0.47652,-0.38641,1.99571,-0.455066,-0.516344,-0.115807,-1.06271,-1.821,0.764276,0.435476,1.9457,-0.871495,-0.530655,0.961828,0.638362
-1.1992,-0.668813,0.561513,1.04975,0.595668,1.88158,-1.62504,2.99865,2.36657,0.297022,0.78205,-1.51854,0.482095,-0.873463,1.25714,-0.176735,-2.08524,0.0032077,-0.206191,-1.54743,0.817671,-1.1613,-1.17695,0.41079,-0.0328882,-0.0994476,-0.0835956,1.19548,1.04131,1.00838,0.253403,-1.20965,-0.221763,0.402574,-0.154314,-1.9187,-0.369674,0.321053,-1.23589,-0.188166,-0.813186,2.52589,0.38212,1.24125,-0.107097,0.00379597,-0.696033,-0.252245,0.405007,1.62466,0.177922,0.608442,0.184016,0.808118,-1.00279,-0.878496,-2.74598,3.01743,-1.35472,1.47147,-1.94961,-0.350384,-0.34585,0.474407,0.22707,0.446332,-0.161629,0.221231,-1.62971,-1.20815,-0.441913,-0.357018,0.109236,0.572367,0.56597,-1.73733,-2.41359,0.392075,-0.142963,0.37948,-1.40326,0.228075,-1.04573,-0.635272,0.327686,1.47448,-1.06213,-0.821132,-0.160363,-0.988272,0.641622,-0.582689,0.208974,1.64334,1.18828,-0.66252,-0.304883,0.339413,1.24392,-1.02239,-0.683213,0.196138,1.56698,-0.577943,0.410419,-0.405982,-2.14733,0.182679,-0.703402,-1.21155,-0.47166,-1.08766,0.581871,-0.296892,0.373631,-0.85059,0.293505,0.204041,-0.450881,-1.03161,0.577163,-1.36568,-2.20519,-1.38697,-0.924763,1.85014,-0.217575,-2.07919,-0.0637423,-0.493948,0.178796,-0.840427,-0.496494,1.89877,0.810577,1.51297,0.197827,1.13642,-1.3718,0.340293,0.662209,0.481004,-1.48846,1.34704,0.121635,0.263444,-0.472451,0.723679,0.439061,0.646206,-2.24823,-0.727085,0.513426,0.388378,-0.0739761,0.345915,1.09216,-0.62167,0.466467,0.819828,-1.1029,0.351092,0.917414,-0.598664,-1.01319,-1.00353,-1.65447,1.48223,1.38249,-0.807434,0.0313432,2.32458,0.409689,-0.561835,0.205805,-0.855608,0.991476,-1.0762,-0.145442,-0.0912241,0.43825,0.369248,0.721131,0.631695,1.10541,0.417436,-1.13973,1.8896,0.126053,1.01173,-0.831869,-0.113156,-0.996329,-1.52988,-0.170019,-0.555125,0.645755,0.296242,-0.0770966,-0.0719734,0.350811,-0.785014,0.726123,-0.45213,-1.60941,3.12219,-0.135744,0.177875,-2.36054,0.873135,-0.989121,-1.23455,0.475024,0.126632,0.451411,0.158785,0.434015,-1.34565,0.322473,-1.10024,0.467243,1.8112,-1.90743,0.232024,-0.382688,-0.0478633,1.91126,-0.450379,0.235935,-2.56156,-0.343174,0.627835,-0.541239,1.80398,-0.193317,-0.703777,2.02696,-0.958736,0.705619,-0.508,-0.726091,-0.127075,-1.36261,-0.430224,-2.64154,1.27528,0.372809,0.882106,0.932489,-0.948106,0.706754,0.000501704,-0.24348,-1.11983,0.221581,0.106991
0.338997,0.434248,0.350567,-1.22481,0.699447,0.291996,0.569578,2.33469,-1.06052,-0.713351,-1.22897,-1.5438,-1.17285,0.141304,3.21523,-1.67522,-0.412211,-0.906245,-0.574874,-0.295654,1.13058,0.00276347,0.625776,0.221544,-1.57081,1.12623,1.76705,-2.78802,0.655635,-1.52923,0.0983996,0.112098,-0.488415,-0.207803,-0.00382588,1.33982,0.869038,1.71845,-0.668027,-1.29106,-1.11998,0.468716,-0.771998,-0.126195,0.374768,-0.316656,-0.600476,1.43713,-1.21491,-0.45081,1.04974,-0.265652,0.617235,0.908214,-1.063,0.513701,-0.0140534,0.380871,0.537374,0.694761,0.129282,0.990058,-0.40261,0.277243,-1.70529,0.468964,1.00971,-0.66406,0.345562,-1.13896,0.786859,-0.0431148,-1.16184,-0.733835,-0.937516,1.04699,1.56125,0.441562,-0.0665583,1.25575,0.24439,0.0469065,0.250638,0.780891,-0.169242,1.50646,-1.16528,-2.01896,-1.08144,-1.07299,0.643591,1.37617,0.697299,-0.106183,1.85439,0.707943,-1.73833,0.553064,-0.519906,-0.0346069,-0.953896,-0.381905,0.0646922,0.695871,-0.319203,-0.0599972,-0.299058,1.30375,2.12563,-0.302119,1.72508,0.0317958,-1.09426,-1.03163,-2.67832,-0.886419,1.54355,1.33128,0.644637,-1.39452,-0.247487,0.246545,-0.0115914,0.604106,-0.00112311,-0.560111,-0.226519,-0.162837,0.401058,-3.22785,0.909859,-0.742286,0.085166,-0.323088,1.48685,-1.24209,-0.327568,-0.104326,-0.655726,0.752312,0.6368,-0.37315,0.105538,-1.18557,1.42583,1.29682,0.323389,-0.66508,1.14635,0.553781,0.518804,0.991022,0.845734,0.0863391,1.91534,-0.185992,0.92187,0.376577,-0.464445,-2.13053,0.576884,-0.311095,0.48901,-0.275319,-0.150824,-0.355962,0.351749,-1.46302,-1.61061,0.475465,0.951114,-0.598935,-0.227799,1.43499,-1.12489,-0.521812,1.05531,1.39705,-2.14315,0.578507,0.729693,1.7556,1.94875,-1.23455,1.25826,1.19169,1.37496,0.758915,0.920461,-1.66236,-1.06526,0.44526,1.31778,0.919803,0.655573,-0.250845,1.20119,-0.501563,0.803516,0.500726,-1.31267,-0.344694,0.614383,-0.674636,-1.95427,-0.686353,0.279934,0.502634,-1.35469,0.643246,-0.722514,1.43456,-1.18965,1.88497,-1.19475,0.655911,0.414216,-0.189591,0.733581,0.629963,1.97659,-0.412759,0.225221,-0.758433,-0.37204,-0.928228,-0.289597,0.937532,-0.215909,-0.66429,0.0168433,-1.3545,1.87178,-0.124874,-0.349123,0.0479935,0.887134,-1.45746,-0.678466,-0.0819602,-1.36302,-1.23298,0.92514,0.316231,-0.00884049,0.0385982,-0.500131,-0.600065,-1.78865,0.113154,0.895498,0.687557,0.550784,-0.2301,-0.348945,1.72747
-1.63747,0.148466,-1.87403,-0.722262,-0.978036,0.921849,0.73308,0.452306,-2.48009,0.312846,-1.07082,-0.825713,0.425511,1.58484,-3.06529,-0.163688,-0.714238,-0.565216,-1.44133,0.411099,0.518087,-1.23055,-1.57513,0.671284,1.23094,-0.117457,-0.981662,1.04789,-0.982385,0.151817,0.564401,-0.755348,-0.546153,0.895798,0.709106,0.576859,-1.91858,0.533198,-0.524396,1.25863,0.897502,-0.167139,-0.718949,-1.00527,0.98542,0.673797,1.09338,1.09212,-2.07246,1.99768,1.70454,0.600706,-0.665697,1.27003,-0.39131,-0.733409,-0.338946,-0.0903642,-1.96332,-0.150077,-0.835054,0.715836,1.09211,1.96592,-0.747258,1.11146,0.823429,1.21725,0.26055,-0.0407381,0.0422236,-0.597364,0.907671,-1.28573,0.0341566,0.833202,2.15318,0.169385,-0.0503768,-0.397004,-2.08581,1.81755,1.10568,0.751803,2.10617,0.855146,-1.47333,-2.18768,-1.59397,0.304166,0.9492,-0.212266,-1.31114,0.890001,-0.219934,1.35481,-1.08106,0.321878,-0.478627,-1.36083,-0.234536,0.231652,-0.828709,0.32764,-0.924608,0.8473,1.94506,0.795759,-0.694621,0.346912,0.352544,0.333031,-0.511807,0.0719214,0.261083,0.295426,-1.0236,-0.951597,0.576807,-0.596584,-0.659439,0.294836,0.190641,0.15096,-1.90089,-0.687536,-1.11118,-1.1085,-1.71055,0.573909,-0.740558,0.360884,-1.66486,1.19253,-1.38041,-1.52849,-1.56189,-1.23247,1.18237,0.610661,-0.589391,0.209273,-0.344016,-1.43645,-0.054936,-0.406653,1.38711,-0.221424,0.153772,-0.225776,-0.0948591,-0.597981,-0.278396,-1.27797,-0.721382,-2.18819,-0.187009,-0.77534,-0.498967,-0.980185,-0.0568609,-0.833156,0.351451,-0.344552,-1.46872,-0.631953,-0.518864,-0.30952,-0.0826489,2.02249,0.527398,0.905323,-0.922554,0.165943,-0.341947,0.980071,0.659714,0.218537,0.685489,0.559602,-0.360766,0.635967,0.656891,1.36674,-1.50133,1.51544,0.984283,-0.637018,-0.211428,-3.5405,-0.382032,-1.30833,-0.0372618,1.33377,0.0430498,-0.246976,0.37498,-0.15023,-0.323582,-0.165574,1.31201,0.787011,2.10492,0.745872,0.597178,-0.463119,0.0992984,1.24751,1.53615,0.846792,0.146409,-0.83955,-0.413253,-0.382546,-0.117337,0.642307,-1.27659,1.08892,0.471212,-0.0127079,3.14429,-0.265136,-0.561227,-0.112648,0.582527,1.02626,0.908584,0.43038,-0.160343,-1.67399,1.45848,-0.451434,-0.114405,0.351403,-0.146756,0.0629628,0.659043,0.60988,-1.38764,0.0776936,0.229244,0.61755,1.54194,0.0909293,1.00977,0.386494,1.87812,0.234101,0.585134,-0.825071,-2.67118,-0.30834,-0.15621,-1.39066,-0.747108,-0.859234
1.7079,-3.18744,-1.03702,-1.27395,-1.08443,-1.57858,-0.583542,0.721793,-0.199756,1.46713,0.00570049,-0.69282,-0.693242,-0.874341,-0.533769,0.373634,0.383044,-1.43943,1.65821,0.956059,0.917628,-0.0665149,-0.292207,0.271961,-0.172323,-1.58551,-1.96586,-2.65967,-0.0623156,-0.23992,1.81111,-2.50859,0.404023,0.999866,0.506709,-0.28572,0.0514075,0.145149,-1.16859,-0.58296,-0.957121,0.164195,-0.571931,-0.672903,-0.807285,-0.88176,-1.04966,0.951255,0.852708,0.853817,0.663002,-0.00883754,0.0012617,0.334379,2.12914,0.406591,-0.52163,0.54617,0.602103,-0.953889,1.41569,0.616621,-0.134708,-0.28991,0.853654,-1.84626,0.220525,-0.289375,-0.815327,0.345721,-0.247582,-0.0566332,0.431856,1.25057,0.598249,-1.46244,1.62126,0.576265,1.47767,0.778229,-0.402245,-0.633668,-0.644623,-0.272204,-0.016186,-1.92835,0.931856,1.23858,-0.693913,-0.468142,-1.61479,0.553259,-2.11606,-0.349366,-0.909851,-0.302147,0.241781,0.236915,0.113721,2.09362,1.22448,0.171598,-0.401101,0.410332,0.976656,1.45702,1.00692,-0.515412,0.353672,-2.15496,0.270633,0.323895,0.108717,0.0528116,2.25358,-0.904969,1.33401,-0.735971,-0.00377986,-0.749383,1.37632,-0.130709,-0.0435996,0.381234,0.724052,1.10097,-0.103858,-2.28139,0.463999,0.9019,-0.208344,0.86239,-0.92019,-0.0218606,0.076624,1.05681,-0.842823,0.663003,0.857981,-1.16467,-1.34691,0.962673,0.116681,-0.492465,-2.14061,-0.772966,-1.66246,-0.495817,3.08048,0.998635,-0.84495,-2.68674,0.496382,-1.03068,0.592835,0.553005,1.98988,0.0229648,-0.868531,1.92985,0.177666,0.254834,0.148905,-1.2129,1.50482,0.16721,-2.11139,-1.02232,-0.168672,-0.0474387,0.160346,-1.3314,0.778016,0.971075,-2.33443,0.457652,1.10278,-0.603771,0.609805,-1.71189,-1.6204,0.340517,2.5941,0.532285,-0.120029,1.17998,0.241983,-0.362571,1.57954,0.292791,-1.5308,1.34309,0.800175,0.361073,-0.00688069,-0.637439,0.585432,-1.15538,-0.253048,-0.989995,1.26897,-0.408819,1.64586,0.331691,-1.3756,-0.544585,0.185521,0.194414,0.833652,0.0986582,-0.733862,0.169845,0.213681,-0.553405,-1.69549,-0.733559,-1.04889,-0.0725463,-0.897687,-1.67383,-1.52786,0.440676,-1.84894,1.54088,0.301619,1.15144,-0.192841,1.70096,0.0762814,-0.798545,-0.394159,1.39269,-0.0379712,0.737629,-0.287687,-0.0898183,0.497085,0.380084,1.4807,0.731054,1.93741,0.506244,1.4611,-0.597994,1.2699,-0.118271,-0.471604,0.564017,0.701342,1.50999,0.0592925,0.287609,-1.04396,-0.342151,1.30232,1.64548
0.538414,0.494763,-1.50345,-0.644994,-1.02344,0.537073,-0.672592,0.995115,0.388973,-0.610853,-0.143572,0.0286931,-0.791565,-1.46059,-1.09221,0.916022,1.15952,0.709488,-0.927924,-0.272817,-0.0108177,0.77171,1.16403,-0.618704,-0.733171,-0.102017,0.871785,0.1049,0.576878,0.659607,0.53799,-0.203317,1.56753,2.18307,0.439536,0.290491,-1.09698,0.871697,-1.79774,-1.10022,0.931833,-0.211837,-2.23693,0.665257,0.272002,-0.0761805,0.570672,-1.09764,-0.300224,1.19332,-1.01819,-0.234058,-0.444239,-0.526003,1.22431,0.0628011,-0.886939,0.555928,-0.0844728,-0.290705,0.45943,-0.360822,2.87543,1.13323,-0.2967,0.676314,1.47276,-0.928329,-1.18334,0.288417,0.723986,-1.2543,-1.67436,-1.51967,-1.00405,-0.423801,-0.165447,0.200879,0.129708,0.812019,-0.46036,-0.797775,0.207148,1.8346,0.181634,-1.27918,0.677161,0.885047,-0.0267631,0.129092,-0.420554,1.49263,-0.281128,-0.777806,-0.554747,1.18137,1.05651,0.481667,-0.318975,0.195364,1.86692,-0.688841,0.363231,-1.93981,0.349169,1.17388,0.737203,0.807299,-1.68296,-0.307629,-0.320584,-2.42484,0.199057,1.88521,0.0268703,0.011697,-0.317831,0.280997,-0.0790295,1.58705,1.57448,-1.74347,0.374089,-1.14782,1.40184,-0.00591551,-1.35442,0.997513,1.34656,0.897963,-0.00241589,-0.00441842,-1.28742,-0.363986,-1.47169,0.87812,0.312808,0.23668,0.489556,-0.197481,0.0320155,1.21508,-2.37208,0.225977,-0.350792,1.46148,0.841337,-1.11038,-0.517168,-0.677725,0.224652,0.764647,-0.525832,0.981874,-1.18289,-0.986704,-0.803257,0.0142289,1.15011,1.23986,0.378208,-0.60896,0.69069,-0.617847,0.650578,1.47882,0.57057,-0.647586,0.28919,-0.178394,1.39018,-0.505168,0.17255,-1.31505,-0.87907,-0.459333,-1.22354,0.22537,-1.31316,-0.501707,-0.978982,-0.398181,-0.142502,2.49979,0.189392,1.12777,-0.386054,0.0985125,-0.0846409,1.85698,-0.812566,-0.0563464,0.14794,-1.50757,-0.962338,-0.288009,-0.220129,-0.314476,0.51078,-0.461957,0.0601343,0.103163,-0.281898,1.52401,0.994047,-0.0767402,0.0282775,1.26452,-1.40867,0.312676,0.845829,1.609,2.37079,0.0541988,0.784433,0.417988,0.678489,1.035,-1.20078,-0.0682777,-0.126326,-0.15318,-2.15572,0.4752,-0.410462,-0.69107,0.112019,1.52693,0.407409,-2.12943,-0.437909,-0.666845,0.38674,2.48809,0.554951,-0.6071,-0.21456,1.51452,-2.00609,-0.917424,1.13586,0.0890277,1.59507,1.35211,0.248124,-0.122749,-0.120336,2.01667,0.812934,-0.856138,1.49303,-0.47463,1.21981,-1.657,0.897522,0.268146
0.106456,-0.229346,-0.210306,-0.194319,1.44177,-1.48861,0.427531,-1.54234,-2.41092,-0.306605,1.23453,-0.735055,-0.409108,-0.0279402,0.777765,-0.32491,0.115825,0.150391,0.402259,-1.14333,-1.28677,-2.25682,-0.715619,-0.205942,0.612459,0.795914,0.936286,-1.66544,-0.180974,-0.524774,1.11946,-0.877823,0.372738,-1.0605,-2.41803,-0.906266,0.735796,0.00637165,-0.267868,0.988551,-0.540607,0.447585,0.23306,-1.21126,-1.0951,-2.14467,0.370331,-0.952149,-0.00344455,-0.905922,1.74358,0.0135439,-1.03518,-0.141654,-1.60195,-0.344986,-0.140166,-0.840229,-1.48631,-0.521236,0.486623,0.18351,-1.29322,-1.24185,0.763684,0.467003,-0.674195,0.0644592,0.520443,0.666815,0.423945,-0.590768,-0.64716,-0.818532,2.59799,1.04453,-0.0622036,1.69579,-1.20322,0.969366,0.0582121,0.340293,-1.44978,1.32242,-0.534995,-0.610104,-0.286281,-0.51042,1.91156,-0.372954,0.199374,0.166634,-0.453039,0.347642,1.15499,3.50752,0.836687,-0.528176,0.889298,-0.235746,0.128002,-0.352131,-0.948383,-1.23993,0.917159,-1.3993,0.916456,-0.136501,-1.07983,-0.0728882,-0.760178,0.520813,-1.29174,-0.862409,-2.70962,-0.178928,1.05478,-0.0330319,-1.21114,0.074135,-0.777395,-0.464424,0.199908,-1.02595,1.12601,-1.02636,1.49032,0.727977,0.45061,-2.95697,0.245615,-0.0218438,0.846399,-0.0130598,0.611833,-0.692501,2.47277,-0.400931,0.238873,1.19894,1.12043,0.449311,-2.04814,1.90452,0.754015,0.546218,1.25446,1.17835,0.770644,1.08015,-1.0377,-0.114384,-0.379947,-1.30832,0.622248,-2.38103,0.85201,0.491297,0.597898,0.233365,1.80428,1.27991,0.299174,-0.974934,-1.24193,0.842492,1.89732,0.933116,-1.36214,-0.275362,0.59669,-2.12136,0.292102,-0.00831068,1.30974,-1.46785,-0.0958123,0.131693,-1.08544,-1.35743,-2.05565,-1.394,-0.440183,0.371335,0.771313,2.0552,1.2795,-0.00796693,0.568047,-0.658824,-0.463967,-0.875079,1.06131,-0.491563,-0.751576,0.922808,-0.0436255,0.893407,0.620726,1.21508,0.638861,0.0782184,0.630392,0.586632,-0.472188,-1.23773,-1.10462,-1.24512,-1.55551,-0.516688,-0.264598,0.970809,0.195378,-2.95298,-0.629662,-0.0543186,-1.17653,-0.273378,-0.225871,0.737187,-0.265364,-0.960325,0.969262,-0.195385,1.64516,-0.121359,-0.0807323,0.82909,0.635891,-0.909039,0.614641,1.56235,0.716382,-0.647851,-0.643543,-1.57829,-0.646798,-0.0957673,-0.905057,-0.414997,-0.609668,0.39512,0.65547,2.31623,1.15477,0.785192,1.54137,-1.05788,-0.112204,0.449362,-0.784947,-2.43692,0.295988,0.664425,-0.183624,0.614467
-1.29176,0.311398,0.501967,-0.242803,-0.0844918,-1.10421,0.766792,-0.629293,-0.819966,0.064678,-0.0337045,0.0559381,-1.06832,0.693047,0.216546,-0.634823,-0.616591,0.349318,-0.561695,0.066687,-0.204552,-0.898513,-0.830336,0.224307,0.223086,0.0848387,-1.10431,0.0811312,0.450519,-0.135168,1.64679,-1.81857,1.31459,1.16628,-0.498779,0.829753,1.76988,1.03736,-0.431732,-1.6362,-0.364099,-0.515748,0.37325,0.481636,-0.00483539,2.64936,-0.832938,-0.97361,1.47875,1.16831,0.484871,-0.818811,-1.42049,-0.297871,1.24127,-0.903427,0.615569,-0.0669732,1.01958,2.58197,-1.23093,0.266066,-2.34235,-0.866387,1.17588,0.755188,-1.79591,1.72307,-0.72812,0.69834,-0.180365,0.13318,0.908465,0.467177,-1.00589,-0.909386,-0.960229,-0.213666,0.593224,0.148243,1.09832,0.497214,0.391176,0.224098,-1.31912,-0.294305,0.971926,0.278826,-0.688437,-0.30758,0.0864979,0.512801,0.046878,-0.3321,-1.59794,0.667174,0.0355932,-0.388005,0.225277,-0.816344,-0.581953,-0.816275,0.455012,-0.0616721,0.683424,-0.124174,1.3334,-1.03543,-0.903382,-0.785022,-0.150602,0.8695,0.483429,0.283816,-0.781073,-1.77963,1.39093,0.530449,1.32577,-0.214485,1.23012,1.57207,0.777609,1.29736,-0.915344,-0.506315,1.77545,-0.815458,-0.716089,0.608697,-0.603565,0.70088,0.678001,-1.18484,-1.33,-1.31879,0.881933,-1.38578,-0.443648,0.862908,0.418105,-0.361522,0.918452,0.813401,-1.29862,0.961475,2.06635,0.101971,-0.479639,0.206758,0.629229,1.24953,-0.0347876,0.933275,-1.81268,-0.175291,-0.179932,1.67247,1.25586,-1.24723,0.760754,0.203339,1.05376,0.0841259,0.605194,-0.653363,-0.647213,-1.92433,0.998676,0.164285,1.03885,0.5702,0.270341,0.0975473,-0.00405035,-1.67958,-1.72615,-0.436102,-0.684985,0.964102,-0.266417,-0.352177,0.367844,-1.12332,0.71109,0.680462,-0.45194,-1.73703,0.483085,-0.484815,1.65982,-0.748553,-0.558938,1.17888,0.882891,-0.730455,-0.132744,-1.89223,-1.78486,0.747029,-1.85614,1.50941,-1.93152,-2.46158,-0.342412,0.307919,-1.33649,0.0622224,-0.634221,0.750902,0.046452,2.4632,0.0606704,0.461231,0.0745019,-1.68516,-1.39273,-1.07571,0.706317,-0.760574,-0.749651,-1.03725,-0.36857,-0.961243,0.108062,0.38833,-0.600947,0.159962,1.08746,-0.70619,-3.11734,0.283119,0.0246002,1.37411,1.8946,0.26838,0.503495,0.505462,0.220905,0.0562804,-1.01041,0.355422,0.61275,-0.12932,-0.235573,0.833197,0.252346,0.0733875,-1.0142,0.0973811,0.880512,-0.359407,0.11486,0.994486,-0.72599,-0.236575
-0.339952,0.576338,-1.77255,1.41563,-0.165944,-1.57849,-1.70738,0.730149,0.23432,-1.38741,-0.697284,0.0105463,0.0284607,-0.704913,-1.18654,-1.40707,1.66897,1.22749,0.345201,0.0372049,1.82962,1.13855,0.36937,-0.333931,0.578481,-0.13536,-0.779178,1.12741,-0.953167,-1.31996,0.460129,-0.665508,-1.03589,-1.89499,-0.0336417,1.3008,0.168409,1.07642,-0.853545,-0.123208,0.194863,-0.065723,-0.852358,-0.0294216,1.04886,-0.188789,-0.679459,-0.324451,-0.669222,1.14163,0.687822,0.112502,-0.715847,0.877283,1.40376,2.36315,0.551914,-0.345733,1.39448,-1.4857,-0.401045,-0.521073,-1.53998,1.54557,1.28217,0.168197,1.0733,-0.512753,-1.0962,0.998858,-1.49614,-0.481445,-0.625794,-0.48265,1.7061,1.27005,-1.11711,-0.0177177,-0.783491,0.83323,1.64617,-3.58266,0.770131,-0.615514,-0.793031,0.724199,0.464023,-0.128932,-0.63145,1.49901,-1.02849,2.64952,-0.342465,-1.54988,-1.77976,0.589421,-0.815489,-1.24334,1.45108,-0.549512,-0.461857,0.439966,-1.63314,0.773293,0.988941,0.854956,0.614742,-2.75007,-0.407536,-0.606804,-0.306906,1.82542,0.388093,0.644625,1.16297,1.18701,-0.807985,0.70312,-1.60651,0.422261,-0.511739,1.52834,1.47243,1.43185,1.84787,1.15689,1.19225,0.147257,-0.972634,-0.46807,0.0844008,1.222,-0.392982,0.541903,0.403738,-0.541615,-0.842725,0.117961,-0.680655,0.245906,0.650441,0.197667,-1.0777,-0.697427,-0.912493,0.960953,0.222194,0.459145,-0.147941,-0.701561,-0.783588,1.26956,0.652823,0.124067,-0.48557,-0.88313,0.430754,1.57898,0.809072,2.42508,0.387945,-0.354312,-0.424503,-0.636526,-1.0268,0.250938,0.538776,-0.845034,-1.11905,1.10463,2.06985,1.90646,-0.228034,-0.537729,0.190488,0.0327734,1.03659,-0.778756,-0.204813,1.1113,0.227557,2.54932,0.147359,0.409834,0.374227,-0.243611,1.05933,-1.75853,-1.58884,0.594405,0.438461,0.171354,0.690897,-0.926991,-0.730769,1.14222,-0.0151866,-1.97168,0.290265,0.99004,-1.08996,0.800232,-1.87069,2.37595,0.180805,0.798737,-0.607864,1.37138,0.528024,-1.10594,0.888792,0.306704,-0.972297,-1.27818,-0.171879,0.439568,0.919045,-0.164132,-1.13981,1.59315,-0.452121,-0.934153,1.45319,0.458989,-0.236507,0.582376,-0.801205,1.55363,-1.4217,0.764728,1.39082,-0.346339,0.650368,0.834809,-0.646234,-0.223782,-0.114306,-1.50098,0.865983,0.529924,-0.255856,0.33375,0.414706,-1.03409,0.183946,0.251398,1.08779,-0.356954,0.486539,-2.1947,0.54566,-0.446054,-0.113877,-0.853132,-0.583257,-1.0943
-0.417206,-0.651119,-0.0534088,0.424248,0.553959,0.249978,0.650059,1.42244,0.665804,0.188888,-1.1189,1.13981,0.427332,-0.191145,-0.0668318,0.0675806,0.75944,0.189422,2.67535,-0.785113,0.85682,0.775257,-0.0947375,-0.38024,-0.365881,0.265087,-0.780226,-1.16457,0.279624,1.58071,-1.34165,-1.05319,0.42882,-2.08832,-0.840814,-0.352535,-0.317085,1.76868,1.63767,0.0772642,-0.343141,1.16335,0.33627,-1.63596,-1.28839,-0.238554,-0.763989,-0.396279,1.43409,-0.228952,-0.349048,-0.258117,1.67802,1.3074,0.729206,1.77148,-2.04208,0.288627,-1.46603,-0.47553,-0.271713,0.192581,0.914517,0.900297,-0.359138,-1.33944,-0.273212,-0.74358,-1.11483,-1.72523,-0.837138,2.06865,-0.529524,1.4968,-1.30579,1.18091,-1.69174,-2.12155,0.173291,0.285923,1.10934,1.67075,0.0501228,-0.0975564,-0.0097341,-0.0282463,0.378565,-1.23231,-0.122553,-0.74379,1.22154,0.431473,-0.494255,-0.966488,-1.69844,0.447944,-0.367041,-0.360647,0.474447,-0.368155,-0.426541,-0.728164,0.561177,0.200614,-0.137737,1.11778,-0.736577,0.143696,0.908493,1.61383,0.799202,0.961718,-0.333493,1.02433,0.0577375,-0.61609,-1.7866,-0.0799228,-0.0298385,-0.0570199,-0.37735,-0.0644435,-0.725188,-1.7627,-0.230897,-0.916252,0.734948,0.452728,-0.420708,-0.407878,0.653921,0.91801,-0.394302,-0.0726236,-0.164149,1.81005,-0.510051,0.0494121,-0.311933,-0.213152,-1.99227,-0.144167,-1.30767,0.5754,1.62349,-0.445216,2.08437,-1.59729,0.107926,0.920663,-1.07313,1.18316,-1.29949,0.191146,1.04656,1.00956,-1.29797,0.0777311,0.396165,-0.750594,1.14954,0.409527,1.16182,-0.477608,-1.5921,-0.699209,-0.810284,0.198391,0.610172,0.0352903,-0.505738,-0.202722,4.27777,-2.14708,-0.820401,-0.77408,0.0911475,-1.01071,0.1415,-0.138387,-0.0914506,-0.773552,0.0429751,0.265465,0.290271,-1.26904,-1.95296,-0.443603,-0.665533,0.0123945,-1.72079,0.792897,1.1709,0.489349,0.483508,-2.10302,-0.303525,0.318342,0.490026,0.616432,-0.844129,0.0756833,-0.418611,-0.480154,0.446516,-0.346858,0.294089,0.313375,-1.13012,-1.42576,0.523803,1.09822,0.108996,-0.87743,0.337167,1.93358,0.544903,0.85672,0.813967,-1.20283,-0.270022,0.873308,-2.14874,-0.481408,0.760382,-0.494956,-0.524629,0.571128,-0.425683,-0.143453,0.143905,-0.181231,0.271978,-1.07273,-0.991218,0.235159,1.14987,2.44373,-1.14699,1.03639,1.44129,-0.00146628,-1.62059,0.648227,0.466421,0.473977,1.26972,0.841009,0.705988,0.0631163,-0.171104,1.10866,-1.22525,0.988633,-0.733172,1.62555
-0.354572,0.161848,0.451495,-1.00056,-1.25945,0.859918,-0.603061,0.275312,-1.16262,-0.284535,-1.6135,2.38344,-0.465916,0.390457,-0.36536,0.126547,-0.49557,1.47264,0.47004,-1.5825,1.87198,-0.0160085,-0.470741,0.236593,0.124026,0.283344,-0.502461,0.684813,-0.189785,-1.35183,0.60963,-1.63632,1.5889,-0.985092,-0.555214,-0.778546,0.401279,-0.146227,-0.429676,0.102443,-0.258834,0.154204,0.223652,1.0139,-1.3773,-0.531823,-1.09837,-1.11078,-0.277375,1.53506,-0.331444,1.11395,-1.35617,0.0665251,0.0723133,0.705003,0.0588753,0.691276,-0.377635,0.83432,0.144511,0.910768,-1.94099,-0.922204,1.13025,0.237031,-1.19539,0.665644,2.32666,-0.40991,1.12328,0.581152,0.731795,-1.16683,-0.970112,0.929419,2.04199,-2.2869,-0.111316,-0.489779,0.760675,0.102435,0.229607,-0.319832,-1.1438,-0.638886,-1.75939,0.135939,-3.35049,-0.156917,-1.39926,0.722451,-0.512908,2.23283,-0.0885968,0.180292,-0.246826,-1.21734,-0.889506,0.189126,0.926746,-0.444497,-0.3868,-1.13442,0.25314,-0.33212,0.838723,-0.53144,-1.64258,-0.579493,0.975307,-0.404818,-0.378822,-0.744746,0.985857,-0.322369,0.634214,-1.50224,2.00211,-0.567198,-0.00806697,0.323541,-0.291928,-0.816494,-0.730283,0.815243,0.954545,0.988521,0.877957,-3.12377,1.03611,-1.2103,-1.82938,2.05746,0.562604,-1.32305,-1.79522,0.979514,-0.75711,0.223124,1.00066,1.63192,-0.385591,0.0624322,0.344631,0.488507,-0.993307,1.39243,-0.130425,-2.19885,0.10984,-0.0700763,-1.20784,-0.0278088,0.541539,-0.661279,0.13051,-0.126686,0.240512,0.00367851,-0.28139,2.16389,1.39792,-1.14201,1.19905,1.04807,0.224601,0.0643948,-0.441728,-0.670538,0.501511,-0.503904,-1.7673,1.22823,-0.730957,1.14804,0.0769271,1.32897,1.11538,-0.534578,-0.115937,1.3978,-1.86823,0.533497,0.122442,-1.10474,1.36489,0.114806,-0.249252,0.126751,-0.267144,-1.03189,-0.470254,1.3397,3.11769,0.0505182,-0.13253,-1.30686,1.17254,1.30574,-0.701404,1.38129,-2.12736,-0.791068,-0.102431,-2.3369,-0.253332,1.235,0.0837453,0.213265,1.68773,-0.618414,1.35981,0.258601,-2.49289,0.262557,0.46401,-0.572857,0.379561,0.348555,1.19918,-0.904819,-1.38095,-0.401424,-1.13487,-1.75031,-1.10554,-1.77613,-1.66093,-0.175267,-0.134991,0.657986,-2.1907,0.0172894,-0.346765,2.52407,-0.263421,-0.722633,0.92591,0.353851,-0.00436053,-0.0784282,0.460128,2.44575,-0.539445,0.437126,0.691593,-0.235441,0.0897991,1.13493,-0.85334,0.308566,0.259479,2.3103,-1.91139,-0.220853
0.772248,-0.136325,-0.863674,1.64637,-1.4284,-0.271744,0.897093,-0.567798,1.43878,1.63198,0.777678,0.392292,0.428823,1.89793,0.608919,-1.24093,1.29676,0.22114,-0.089013,-0.755174,0.183174,1.1626,1.21195,-0.771016,-1.20246,-0.355673,-0.176244,0.500596,1.26146,-0.419996,-1.04191,0.333651,1.0481,-0.342675,0.898107,-1.71145,-2.4198,0.209447,0.177191,-0.978729,-0.940823,1.21147,-1.55458,0.373392,-0.890965,-1.20704,-0.720717,0.98304,-1.13041,-0.235307,-0.796511,0.566007,0.570733,-1.00732,-0.368128,0.360434,-0.282925,-0.872709,1.21844,-0.096334,-1.29408,-0.431645,0.13474,1.44258,0.323618,0.234348,0.60407,-0.048392,0.0794942,-0.565092,-1.09262,-0.352625,-1.01233,-0.384663,0.255221,-0.39747,0.762942,-0.710771,2.25185,1.52065,0.142254,-2.0798,1.18069,-0.364386,0.0717934,-0.645005,0.711292,-0.637163,0.0775545,-1.59826,-1.84652,-1.22453,0.385004,2.15869,-0.728569,0.229771,-0.375301,1.53271,-1.17049,-0.404004,0.320738,-0.444395,-0.120817,-0.300094,0.354332,-0.397643,0.672422,0.378243,-2.18587,1.05948,-0.256039,-3.27305,-0.720152,0.67705,0.95556,-0.254821,-1.13442,-0.0517884,1.18681,0.44656,1.04595,-0.245576,0.242048,0.878661,-0.418844,-1.22434,0.278209,-0.46536,0.446414,0.189905,0.202125,0.798649,1.07756,-0.701453,0.364653,0.852239,1.12893,-1.64689,-0.248308,1.28332,2.69647,-0.424301,1.12707,0.728759,0.793062,-0.541672,-1.068,-0.494944,0.0564385,0.862062,0.839359,0.261895,-0.259606,1.76162,-0.68093,-0.489271,2.5977,-0.878508,-1.0889,-0.487962,-0.613789,0.0181003,0.553818,0.998756,-0.30834,2.18587,-0.397219,-0.674461,-1.15826,-0.908988,1.0856,-0.226787,1.24893,-0.239993,-1.01055,1.34498,-1.28587,-0.314019,0.701355,0.418545,-0.72066,-1.14547,-0.640152,-0.273467,1.12881,-0.850444,-0.191074,-1.88255,-1.81332,-0.167512,1.40178,-0.0526889,-1.52144,1.76525,0.00947111,-0.758476,0.500153,-0.200663,0.463267,1.07043,-0.534177,0.283116,1.14016,-0.935235,1.13709,0.0023327,1.06184,1.18275,-1.24013,-0.535627,-1.05595,0.335964,0.513036,0.310872,0.937602,0.51251,0.899066,-1.24963,-2.18158,-1.12228,0.373592,1.2133,-1.91894,-0.846113,-0.147931,-0.594146,0.263014,1.13113,0.635306,-0.0827907,0.686944,-0.126969,-2.57093,0.413668,1.4159,2.62423,1.02731,-0.885043,0.0958594,0.688152,-0.0343619,-1.78321,-0.49237,-0.33458,-0.763934,-1.30426,0.694226,1.0415,-0.881621,0.886512,0.354105,0.195717,-0.598671,-2.64326,2.35307,1.65251
-0.167116,-0.0063066,1.98327,-1.81575,-0.715048,-0.800326,0.224934,-0.0469129,-0.158114,-0.52769,0.252625,0.414129,0.190316,0.795193,1.12961,0.695371,2.5389,0.414932,-0.464849,-1.20172,0.530552,1.09852,0.23786,0.286322,-0.987241,-0.768096,0.48691,-1.35265,-1.52321,-1.04988,-0.155305,-0.547767,0.110342,0.206284,0.425503,-1.44248,-0.203344,-0.556413,-0.257682,0.537278,1.41684,-0.0597514,-0.191157,-0.192148,-1.33451,0.060919,0.79059,-0.644209,-0.135856,-0.537645,1.44647,0.874034,0.904669,-0.660008,1.49822,-0.106967,0.046717,0.00578011,0.418725,-0.353733,-1.00129,0.21865,-0.206089,-0.771619,-0.502793,-0.36497,1.60375,-1.43891,-0.274531,-2.30558,-1.54586,-0.443992,-0.489276,1.22588,0.337123,-1.63001,1.68962,-0.533903,-0.0246653,0.210983,0.940261,2.33333,-0.123966,0.613492,-2.16705,0.188631,1.33665,0.0706566,0.257269,2.61053,-0.408487,-0.191573,1.31815,-0.188227,1.83616,0.873537,-0.116218,-1.819,0.902238,-2.18558,0.344835,0.537358,0.854553,0.578352,1.23477,-2.09227,-0.319011,-0.582368,1.34686,-1.50278,-2.51427,-0.750706,0.58508,1.62071,-1.11248,0.134139,-0.120717,-0.766975,0.825849,1.93402,1.11282,-1.33513,0.635787,-0.907881,0.0894086,3.60805,0.862688,-0.474226,0.537085,-0.964897,-0.886197,0.803456,1.57715,0.556756,-0.912059,-1.33944,-1.82058,0.215917,0.101287,1.09122,-1.54161,-0.323084,0.979739,0.0689861,-0.392616,0.872953,-1.87132,-0.0683634,-0.201657,1.18044,-0.136339,1.41453,-1.27429,0.491011,0.826693,0.537648,-2.05555,0.515876,-0.483703,-1.9752,1.72834,-1.78979,-1.24133,-0.628199,0.232424,0.330569,0.721879,0.669906,0.101178,0.399675,-1.13405,1.18028,-0.960774,1.10347,-1.67153,0.227549,0.461097,0.170891,-0.603494,0.409293,-0.396032,-0.453641,0.878901,-0.33178,2.03141,-0.956415,0.379505,-0.32191,1.78256,-0.592724,1.16578,0.246624,-0.413886,0.895164,-0.873687,1.51497,-0.94975,0.51594,0.411593,-0.674491,-1.71428,-0.999088,1.12717,-0.34464,0.241215,-0.525089,-0.929607,-0.395083,-0.764779,0.529255,0.236115,0.00166643,0.922426,-0.794993,0.212059,-1.57143,0.884639,-0.518681,0.719729,1.02682,0.874013,1.01626,-0.456913,-1.06265,0.52709,-1.5536,0.904553,1.1317,-1.67681,1.08458,-0.584625,-0.455988,0.668113,0.952662,1.68832,-0.520768,-0.541527,0.889486,-0.27832,2.29929,-0.275051,0.690804,-0.952521,0.437004,0.830362,-0.25009,1.4679,-0.216296,-1.14051,-1.91796,0.398947,-0.415401,-0.608141,1.78877,1.02013,-0.717582
1.01228,-0.111151,0.573988,0.165924,-2.36619,0.975696,-1.49411,-0.308929,-1.47471,-1.29701,0.230172,-0.282891,-0.499461,-0.0634077,0.138165,0.419443,1.47298,0.381077,0.168979,-0.144248,-0.693281,0.239009,0.352352,-0.767146,0.853139,-0.7909,2.85486,-0.464683,0.387629,-1.18388,0.320261,-0.135516,-0.465528,-0.807066,1.38283,-1.29613,1.33641,-0.524737,-0.828071,-0.2251,0.570958,-1.24714,0.0894039,0.707794,-0.862118,-0.43112,0.980555,0.506193,-1.17447,-0.74091,-1.31898,-0.668134,0.940121,0.948487,0.258556,0.910286,-0.768518,0.751945,-0.850969,-0.0825038,-1.86574,2.1205,-0.569423,0.127126,0.339918,-1.40245,-0.0581918,0.916421,-0.731852,0.87878,1.6829,0.927926,-0.045889,-1.46257,-0.595046,-0.575118,0.0458287,0.380065,0.310756,-2.04173,-1.41852,0.786289,-1.44406,-1.03901,0.0803279,-0.0863268,-0.0750566,0.0331094,1.66818,-0.042971,-0.307536,-2.30028,-1.57068,1.17764,0.0260017,0.301897,-0.451032,0.669937,-0.162695,1.60377,0.253488,0.00686422,-0.671391,-0.866786,-0.100147,0.760504,-0.581653,0.686046,0.704066,1.48769,1.19122,-0.545868,-0.392298,-0.442573,0.373913,0.201896,0.115545,1.36821,0.231948,0.393463,-0.0306374,-1.1988,1.50767,2.77397,-0.668533,-0.0143463,0.285573,-0.391272,-0.460456,0.42436,-0.674476,-0.898145,-0.514989,0.704868,1.10027,0.80733,-1.19247,-1.80023,-0.0797889,0.94902,1.24005,-2.69339,-0.471757,0.367513,-0.667995,0.36126,-2.02968,-0.116803,1.57007,0.486258,0.908485,0.357203,-0.0533579,-0.958419,1.12193,0.489017,2.21691,1.95843,1.66998,-0.707244,0.479686,-0.106856,-0.229058,0.243978,-1.25788,-0.344414,-0.952163,1.58165,0.0617002,-0.0229885,-0.480943,-1.69487,-2.23282,0.985845,0.454148,-1.65729,-2.14278,-0.851993,-0.508487,-0.529139,-0.147564,-0.927569,0.101693,-2.48591,1.0256,1.38139,0.168712,1.78729,0.760634,0.0680034,-0.0466189,-0.625658,0.410223,-0.667225,-0.449656,-0.0180404,0.98675,0.148665,1.71395,0.325813,1.78141,1.42392,-0.744598,0.299166,0.996111,0.190848,0.093203,-0.716212,-0.508534,1.54259,-0.0500439,0.00702928,-0.967796,0.511181,-0.598702,-0.689027,-0.0644533,-0.595558,0.317266,-0.385953,0.755209,-0.733348,-0.254861,-0.489912,-0.51208,-0.743542,1.88813,0.0520657,1.03822,-0.544632,0.149925,-0.359468,0.016695,0.0107081,0.377024,1.19118,2.29743,1.47195,-0.623136,-1.78321,0.0334071,0.393368,-0.760887,1.78663,-0.712075,-0.26832,1.75274,-1.33033,-0.374141,-1.50695,1.4914,1.08771,0.189756,1.96221,1.39195,0.681927
-1.012,1.50556,0.402443,-0.438583,1.55542,-0.760775,-1.21771,0.495772,-1.26027,0.0187987,0.909953,0.407475,0.512899,-0.916993,-0.382488,-0.077551,1.05853,0.271382,-0.29163,-0.430834,-0.171963,0.618063,2.25914,1.57722,-3.03223,1.00201,2.32084,2.10539,-0.0628936,-1.05148,-1.85119,-0.979573,-0.529291,0.590384,-0.281646,-1.27717,0.512431,-0.604825,0.423704,1.04848,0.401262,-0.884682,-1.20498,1.04088,0.380216,-0.170873,-0.85935,1.77008,-0.615315,1.13844,0.204077,-0.594426,1.34298,-0.00435306,1.70367,-1.00196,-0.132297,1.44422,-1.32393,-1.31027,-1.39468,0.299863,-0.132478,-0.616619,-0.696908,-0.684301,0.511871,-0.389971,0.826349,-0.683808,-0.635865,-0.995613,1.09802,0.843729,-0.0859599,0.287791,-0.138982,-0.988573,-1.03342,-1.60891,0.188359,0.434201,-1.57689,0.240144,0.153893,-0.617347,0.761096,0.0106635,-1.00487,-0.625624,-0.598541,0.0838114,-0.753321,1.57748,1.82104,-0.0507303,-1.12967,0.825375,-0.254597,-0.0939058,-0.211878,-0.284565,-0.160997,0.0780916,1.04003,-0.914933,1.84757,-0.657582,0.688929,-0.47041,-0.99448,1.51579,0.608697,-0.992979,-0.46837,0.616756,0.942632,-1.0996,-2.02081,0.388317,0.642037,-0.444558,1.56336,0.794987,-1.67545,1.47526,0.182818,2.08032,-0.142404,0.768082,1.46872,-1.20807,1.0916,-1.17001,-0.43822,0.105594,0.715293,-0.416923,-1.10106,0.101503,1.44966,-2.34999,-0.0644533,0.351472,-0.921847,0.170588,-1.04416,-1.06417,1.24141,1.12657,0.322005,-0.556081,-0.420919,9.90875e-05,-0.237972,1.64092,-1.31447,-0.768391,0.0678453,-0.802032,0.477052,0.285825,1.13008,-1.49374,0.617504,0.568534,0.43143,-0.720077,1.37469,-0.121279,-1.73948,-0.388176,0.802464,-0.173297,0.178399,-0.0419298,2.87405,-1.66514,0.736192,0.340161,0.505849,1.77045,2.94824,-0.803388,-0.188415,-1.1437,0.948049,0.245553,-1.25061,-0.120447,0.26693,0.837621,1.9077,-1.87299,1.17554,-1.12707,0.983464,0.358983,0.470653,-1.13682,-1.4265,-0.798086,1.06529,1.03827,1.23432,-0.762827,0.0308547,0.131493,0.620068,-0.393741,1.49485,0.558766,-0.727926,-0.282126,-0.267818,-0.0265256,0.000839137,-0.0266834,0.38767,0.228477,-0.861252,0.186252,-1.50045,-2.55921,-1.25977,-0.154946,-1.24323,-0.635721,-1.87979,1.03889,-0.886909,0.0859467,-1.37059,0.459883,-0.370281,0.115515,-0.841029,-1.55837,0.988981,0.718086,1.92352,2.23458,0.373433,0.684315,-0.660574,0.102506,0.0598719,-0.189258,-0.0310302,0.326872,-0.505269,1.70144,0.786971,-1.42502,1.12358,-0.458896
-0.161554,0.44459,0.243074,-0.141444,0.0793626,0.471122,-0.66913,-0.0754839,0.0884072,0.326943,0.105446,-1.89576,0.736953,1.34495,1.39686,-1.08041,0.424194,-0.438467,0.509138,-0.0592938,0.847659,-0.400092,1.66765,0.165816,0.794204,-0.489093,-0.731585,1.15545,0.0417916,1.46908,-0.269359,-0.611262,-0.195802,-1.83659,-0.0701163,-0.693374,0.537194,0.667254,2.01306,-0.64797,0.839308,1.07379,1.52299,-0.698818,-0.700718,0.799252,0.688479,-0.284805,-0.0299923,0.0531005,-1.14361,-1.41881,0.303027,1.42273,-1.96129,-1.33739,-1.24265,-0.279901,1.61155,-0.211758,-0.675684,-1.45892,0.75791,-0.319052,0.802938,0.966167,0.204051,-1.48302,-0.340572,-2.2484,-1.39015,-0.997359,-0.73603,-0.313287,-1.05665,-0.364198,-0.788652,-0.675305,0.961942,-0.833549,1.08466,1.96989,-2.97815,-0.968118,0.322022,-1.64013,-0.286865,0.611178,0.307793,0.283582,-0.0836531,-0.0920149,3.53298,-0.0605767,-1.45282,0.716595,0.448069,-2.09113,0.675273,0.813523,0.234531,0.479575,-0.866356,0.6468,-0.715452,-1.50083,1.09194,-0.111279,0.0186959,-1.12212,-0.402662,-0.382485,0.277434,0.944943,-0.687708,-1.34581,2.19541,-2.05022,-1.95104,-1.1561,0.769107,-0.516857,-0.219358,-0.524687,-0.376684,0.260832,0.317147,0.610862,-2.60799,0.167618,-0.740046,-0.243316,0.662854,0.0624147,-1.17947,-1.06297,-0.715025,1.58155,-1.13348,1.6968,-0.0182228,1.0394,1.46575,0.746424,-0.551196,0.671805,-0.405858,1.16651,-1.25086,0.870755,-2.66988,-0.0206491,-0.979323,-0.911129,1.00861,-0.383951,-0.149355,-1.59804,-0.304909,0.74898,-1.17943,-2.79165,-1.49103,0.753453,-0.0286801,-2.18078,1.21272,-1.1446,-0.399042,-0.57776,-0.0211242,-0.195204,-1.10641,-0.391089,0.270576,0.541081,-0.765989,0.754696,-0.446461,1.51474,0.461854,0.85884,0.782582,-1.44476,-1.05042,1.16346,0.0810454,1.2746,-0.848615,-0.877553,0.210932,0.888994,0.0746402,-0.00847745,0.771108,-0.0558304,0.983373,-0.214228,0.0957453,1.21733,-0.0081468,1.08127,0.273641,0.272358,-0.0890413,-1.30028,0.12029,2.53755,1.10395,1.95185,0.134063,-0.984948,0.377681,0.238294,-0.0617066,1.4735,0.731946,1.19543,1.17515,0.819562,-0.287567,-1.4004,-0.0280581,0.561216,0.225272,-0.228762,1.82939,0.41025,-1.00517,0.75326,0.855976,-0.486682,-0.0632734,0.522194,-0.573026,1.27987,0.437802,-0.731343,-0.828778,-1.14808,1.36806,-0.209498,-0.914274,1.2777,-0.514767,2.58608,1.27918,1.2771,-0.214086,-0.17061,-1.6546,0.466021,-0.34445,0.226889,0.724319,-0.115581
-2.05731,0.319038,1.73081,0.881495,-0.473561,1.19568,-1.61236,-1.82029,-0.104673,-1.25151,0.236054,0.306849,-2.40674,0.341019,0.718044,-0.973918,-0.497109,-1.24607,1.14485,-1.08686,-0.477427,-0.946966,-0.211076,2.00127,0.666788,-0.961419,-1.5538,-0.501944,-0.352943,0.108119,0.110077,-0.859962,0.0545913,0.0590725,0.984922,-0.559896,0.695625,1.1649,0.544751,-2.35067,1.28254,-0.879702,1.65018,-1.36073,-1.0538,0.784526,0.646633,2.60145,0.0527226,1.36772,-0.0888408,0.360055,0.714836,1.10938,-0.41893,-0.754611,-0.686973,0.352241,0.535156,-0.389254,-0.88177,-0.417193,1.07434,-0.901535,0.617622,-1.59108,1.19005,-0.486978,-0.301797,0.335223,-2.15692,2.2174,0.812792,-0.49157,0.618379,-0.541311,-1.68133,0.806493,1.11003,-0.313617,-0.958259,0.179702,-0.727752,-0.308813,1.01303,1.25041,0.727145,1.28552,-1.36555,-0.254506,1.55069,1.42371,-1.54949,0.426753,2.79827,-0.208514,-0.792844,0.809168,-0.879774,-0.0813195,-0.198133,-0.780733,-0.370473,-1.68828,0.207118,-0.4427,-0.959011,0.39173,0.63026,1.26763,-0.991277,0.094089,-1.92969,0.0260526,0.332883,-0.164206,1.18613,0.068441,-0.257618,-0.0600823,-0.172292,1.63231,0.476905,-1.44799,1.51093,-0.469061,-0.622516,0.008305,0.0826891,-0.448903,3.13899,-1.13404,-0.254533,-0.392459,0.87501,0.650263,0.0529821,1.49256,-0.639511,0.36955,-1.263,-1.69254,-0.995096,0.513793,0.0592654,2.15313,-0.953898,1.67025,-1.05695,-0.587853,-0.30648,-0.850355,-0.660256,-1.42255,0.357284,0.811554,-0.0407275,-0.444668,1.19563,0.974943,0.0289205,-0.073264,0.623137,0.891383,-0.931739,1.7728,1.9336,-0.393131,-0.125018,-0.936194,0.89202,-0.141318,0.648522,0.0417465,-1.6426,-0.528308,-0.511917,-1.39252,1.93788,1.3556,-0.487651,1.14274,-0.990369,0.0935493,-0.161952,0.320155,0.282424,-1.17042,-2.36191,0.657736,-1.49078,-1.72299,-0.880012,0.0890783,0.11715,1.27893,1.18512,-0.0387208,0.114081,0.116663,-0.105947,0.192661,2.50688,-1.04251,-2.34921,0.222658,-0.137288,-0.444988,1.80977,1.00919,0.668764,-1.63487,1.75851,0.0452891,0.960054,-1.43895,0.582788,-0.0349839,-0.262328,-1.5689,-1.52439,0.993564,0.143681,1.1769,2.79129,0.968937,-0.924502,0.0327428,-1.80878,-1.95032,0.563007,0.917442,0.647459,1.33303,0.597625,-0.515064,-1.72252,0.831007,-0.0282703,-0.806868,1.03915,0.051177,-0.159148,0.38743,-0.816458,-0.640065,1.89964,0.179771,-1.64326,-4.29883,1.36547,-0.724657,0.120629,-1.12643,-1.15697,-0.130714
-0.428681,-0.11106,-2.85625,-1.46352,1.61235,0.512934,0.642023,-0.79057,-1.25687,-0.373377,-0.445271,-0.00960095,-0.480555,0.508795,0.73375,-1.42179,0.0820217,0.292925,-0.616124,-0.597172,-0.549018,0.874723,-1.97036,1.10954,-1.54487,-0.588622,-0.671993,0.634336,1.40536,-0.410401,1.01619,-1.84873,-1.03435,-1.11281,1.04084,-0.229175,1.17295,0.707938,0.0317673,-0.608666,-0.460968,0.201169,-1.15292,0.222084,-0.455461,-2.08339,-0.586482,0.792925,0.198239,0.128572,-0.775524,1.11191,1.8868,-1.19874,0.639401,-0.414917,0.138624,1.65394,-1.61591,-1.13969,-2.19613,-0.58978,-1.71498,0.437893,-0.697892,0.660188,1.0223,1.46916,0.385894,1.79999,0.666378,1.45222,-1.29258,-1.25463,0.19505,0.362348,-0.474883,0.262815,-0.0856021,1.21729,0.0989986,0.986061,-0.529329,0.143464,0.722704,-1.24993,-0.370774,-0.943587,-0.20513,0.0970718,-0.129034,1.20727,-0.602258,-0.584314,1.13186,0.0277979,-0.636256,-1.09116,-0.232155,2.6466,-0.166086,0.311365,0.409617,-0.398861,2.04686,0.261906,0.618365,0.961374,0.74523,-1.3301,0.131303,-0.212991,-0.751288,0.449365,-0.159615,0.817742,0.754302,-0.560887,0.626885,1.21061,-0.196543,-0.931093,0.191307,0.794047,-0.899312,-1.61018,-0.213238,-1.03356,-1.74482,0.802887,0.872329,0.592484,-0.737534,0.837464,0.914632,0.465654,-0.134903,-1.64494,1.11313,-0.524505,0.0464971,1.14186,1.62015,-1.79405,2.07104,0.664684,-0.568083,0.238712,-0.314961,-0.171076,-0.123034,-0.650483,0.807046,0.302661,-1.48212,0.513619,-0.66816,-0.750006,-1.84125,1.06468,1.30842,0.684856,1.15975,-0.848749,-1.19092,1.0334,0.34799,-0.0507488,-1.36861,1.10443,-0.740821,-0.0155811,0.93077,-0.930384,-1.6986,0.380841,1.98158,-0.211495,0.801601,0.909755,-0.642764,1.64896,-0.110534,-0.249212,0.534165,0.0285759,-0.0463355,0.16373,0.546426,-0.776387,0.447618,0.248505,-0.560932,-1.48623,0.81131,-1.23644,0.0542435,0.372427,-1.78374,-0.937803,-0.323245,0.599581,0.202223,-0.503248,-0.250492,-0.552327,0.707668,0.172377,2.1555,-0.577863,-0.0901332,-0.887665,0.315395,-1.11167,0.45382,-0.413764,-0.843266,0.838086,-1.73179,-0.136094,-1.4999,-0.0261698,1.13175,-0.999208,0.410638,0.869406,-1.33558,-0.993921,-0.394734,-0.572767,-0.427839,-1.57835,0.338608,1.50503,1.00158,-0.00476634,-0.69149,-1.63326,-0.192362,-0.852238,-1.93037,0.428861,0.323935,-1.17779,-1.44209,0.425976,1.61845,0.819373,-0.24419,0.431757,0.250936,2.32165,-1.58788,-0.697421,0.139494,-0.607344
-1.17918,-0.19119,-1.31844,1.51507,0.739188,-1.57998,0.0847709,-1.63906,1.26906,-0.351533,0.598375,-0.637363,-0.100759,-0.190433,-0.702627,1.108,-1.88962,1.02178,-0.992624,0.631358,-0.97861,-0.821133,-0.0218216,0.350362,-0.43519,-1.3636,0.604844,1.31891,-0.802955,1.21002,0.169607,-1.19368,-0.101385,0.806375,-3.22141,1.20894,2.11214,1.3664,1.14584,0.57855,1.67808,0.653423,0.367489,0.00894871,0.790517,-0.491563,0.0686562,0.268357,0.266771,0.279025,1.24194,-1.93928,1.51316,0.786879,-0.0628231,0.303825,-0.226392,0.476773,-0.684958,0.0467803,0.221403,-1.56097,-0.572664,-0.064594,0.00299687,-1.82546,-0.27595,1.02195,0.106479,-1.17844,2.45579,0.728389,0.0218098,-0.0842662,-0.454409,-0.998593,2.38319,-0.757626,0.905863,-0.334263,-1.3802,-0.647213,-2.06927,0.231327,-1.36887,0.507877,-1.30179,-0.1313,0.896959,-0.83864,0.251758,-1.24,0.950594,-0.0598407,-0.505356,-0.655667,1.08487,2.48835,-1.2069,-0.465277,-0.215687,0.837089,-0.801672,0.562464,-0.0300554,-0.25139,-0.407422,-0.683674,0.228911,0.0170937,-1.45952,-1.4195,1.81045,-0.46086,1.28557,-0.711464,0.380267,-1.12991,0.444512,-0.149172,-0.19575,0.55813,0.45023,-1.89195,1.22673,0.765655,-1.66018,1.36162,-0.252541,-0.145188,1.02697,1.45951,0.288745,-0.802997,1.94188,1.09901,-1.9596,-0.851039,0.951064,1.05889,1.94266,0.381582,-0.559543,-1.1085,-0.251727,0.351815,-1.62129,-0.648348,-1.3889,0.372908,-1.1938,-0.405453,0.0998498,-1.78021,-0.462706,-0.206245,1.50496,0.0769974,1.93893,0.28972,1.47003,-0.156734,0.644157,-0.0465525,1.31681,0.813272,-0.0795125,-0.0337389,-0.504995,-1.80871,0.300805,2.13957,-1.84161,-0.0420011,-1.29264,1.47671,-0.730616,-0.699538,0.098844,-0.152498,-0.867382,-0.476505,-0.980607,-0.409771,0.913245,0.0345368,0.560815,-0.711471,-1.44764,0.395804,0.798736,-0.526994,0.529255,-1.05497,-0.196745,1.00973,-0.20578,-1.36339,-1.52593,1.92883,-2.30182,-1.13902,-0.777718,0.468626,-0.408783,2.38581,-0.178284,0.71092,-1.00175,0.603538,-2.07761,-1.2607,-0.262583,-0.0711759,-0.262272,-1.92171,1.43816,-0.0100402,-1.65077,-0.0874437,-0.245914,1.5713,-1.2039,-0.718416,1.21206,0.430789,-1.4467,-0.369979,0.514665,0.0411047,0.00313336,0.056013,-2.91804,-0.239531,0.209417,-1.14826,1.1611,-0.466952,0.665825,2.48598,-0.609325,0.234762,1.75864,2.48903,0.0018801,-0.504058,-0.222161,-0.74344,0.613188,-0.432659,0.690916,0.491447,0.341025,0.623855,0.130169,1.55751
0.653897,0.90691,-0.118543,1.29517,-2.21339,-0.168714,-0.737969,0.72539,-0.0874919,1.04333,0.789424,0.800133,0.524593,-0.203107,-1.34197,-0.971563,-1.18053,-0.186945,0.675684,1.36016,0.173281,-0.845187,0.260846,0.260131,-2.30881,0.0437411,2.02767,-0.361424,0.604721,-1.26341,0.542288,-2.46098,-0.621868,0.431944,-0.91977,-2.18346,-0.514298,0.663121,-0.200122,-0.0965814,-0.163014,0.567869,1.18404,0.040534,1.90733,-1.00221,-0.278872,-0.101865,-1.03313,-0.287147,-1.29337,-0.545678,-0.770613,0.69337,0.411176,-0.0106674,-1.19186,0.999129,0.103259,-0.437087,-0.163412,-0.243227,1.65478,2.03748,-0.266057,-0.723272,-1.03247,0.882164,1.52724,2.32115,1.05655,-1.99982,1.32941,0.743687,0.191912,0.797962,-1.62951,0.372633,1.26402,-1.1018,-0.101926,0.303798,-0.580539,-1.7485,1.1864,-1.29998,-0.548863,0.624282,-0.0259417,1.29974,-0.592644,0.639439,-0.462411,-1.02638,0.245898,0.214408,0.661217,-0.961983,-0.706531,1.94459,-0.269747,0.218413,0.227724,-0.791659,-0.962555,-0.4287,-0.987402,-0.627712,1.249,0.50368,-1.43881,-0.218682,-0.526836,1.61624,0.69833,1.28763,-0.789863,0.603558,-1.24161,-0.212426,2.61175,-0.72474,2.17135,-0.162721,-1.40532,0.755631,-2.50742,-0.272853,1.34164,-0.516904,1.43858,0.359149,-0.217138,-0.475499,1.80292,-0.166684,0.353484,-0.601655,-0.700832,-1.62437,-0.72866,-1.17672,0.449739,-0.770233,-0.0272597,0.361875,-1.51613,-0.241167,-0.349438,1.96229,-1.30774,0.386899,-1.25363,1.25319,-0.131182,-0.346547,-0.409283,0.00948181,0.277659,2.78983,0.806455,-1.03971,-0.252145,1.34089,-0.504297,-0.413297,-1.24237,-0.757748,-0.611813,-0.0525867,0.446326,1.3836,-0.250264,0.327816,0.295167,0.49749,-0.583471,-0.386942,-0.768818,-0.33927,-0.0308256,2.26398,0.112002,-0.350429,-0.856948,0.818775,-0.269067,0.777076,-2.74619,2.49659,0.739099,-0.747056,1.46136,-0.457347,-0.204419,1.07244,1.06218,-0.917095,-0.818799,-0.350937,-0.0028603,0.937315,0.769633,0.280974,-0.692957,1.43119,-0.162467,1.00371,-0.549794,0.306582,-0.400723,1.05024,-0.67852,1.55031,-1.62892,-0.562561,-1.00179,0.407271,-1.31302,1.63629,0.314962,-0.422476,-0.456186,1.09472,-0.395932,1.50235,-0.413026,-0.208667,-0.120496,0.622278,0.622104,-0.536831,0.0630447,-0.597844,0.712625,-0.279801,0.541899,0.919908,-1.43744,-0.178854,-0.363137,-0.327498,-1.71592,-1.20019,0.302524,-0.28577,-0.274576,0.613857,-0.402651,-0.961826,-0.76421,-1.82789,1.1186,-1.02655,0.6206,0.366439
-1.29295,-0.903507,-1.80308,-0.956147,2.45119,-0.879262,-0.201274,1.02912,-1.82274,0.467735,0.124021,-0.523128,0.323538,-1.11683,-0.799514,-0.569741,-0.556736,0.55939,0.229699,0.185731,1.16062,1.75818,1.10031,-2.0973,1.24557,-0.909717,1.28352,-0.867281,-1.25245,-1.04472,-0.815785,0.070375,-0.159666,0.00839356,0.241221,0.411182,0.0119233,0.702528,-0.181156,0.684978,2.09801,-0.0274512,0.156641,0.893973,0.623028,0.541183,-0.00282596,-1.85364,-0.250496,-0.180598,0.564401,-0.673359,-1.00082,-1.13774,-0.51011,-0.148121,1.33896,-1.15117,1.03948,-1.87723,1.86638,-0.559324,-0.908314,-0.803976,-0.155732,0.0479595,-0.882794,-0.174765,-0.77076,0.60898,-1.6222,-0.814337,0.822122,0.423502,-1.47084,-0.0608151,-0.683343,0.515537,-1.3416,-0.90179,2.3369,-0.161489,0.200403,-0.460997,-1.08696,-1.54653,-0.951611,-1.32042,1.21109,1.23513,-1.76193,-2.04789,0.333875,0.166687,-0.932275,-0.440783,-0.54074,0.333397,0.567235,0.840515,1.6116,1.59128,0.731286,-0.476705,-1.99193,-0.0868962,0.979028,-0.10049,-1.09848,-0.427976,1.67017,-1.4153,-2.1517,-0.62109,-0.505909,0.956301,0.392562,-0.24306,-1.0036,0.755824,2.15673,-0.627932,0.185793,0.197045,0.0980518,-0.713759,2.40438,-0.864399,0.585541,-1.1549,-0.0331044,-0.420556,1.82023,0.0926632,0.568465,-0.330851,1.35732,0.253714,0.833808,-1.49892,0.00477303,-0.516305,-1.85993,-0.712402,0.881967,0.429372,-0.530444,-0.822883,-0.728012,-0.395695,-0.782488,-0.426415,-0.973303,0.90832,0.198303,-0.0225244,-1.53898,-0.594735,0.462871,-0.599455,0.552416,0.0149198,2.15362,-1.35132,-0.596417,-0.126208,-1.3681,-0.579841,0.193276,0.00318916,0.288084,-0.178737,1.6221,0.215289,0.0144855,0.695179,-0.264895,-1.10747,-0.477139,-0.223169,0.855978,-0.143744,0.76796,0.356014,0.998794,-0.917146,0.358128,-1.591,-0.104019,0.582791,-1.5963,-0.121933,2.08915,-0.743771,-0.240853,1.11407,1.66035,-0.843577,1.25902,-1.92844,0.608698,-1.10018,2.21547,1.14883,-1.31837,0.724598,0.452863,-0.392688,1.01174,-0.225769,-0.86174,1.84839,-1.43304,1.68117,0.829717,0.697183,-1.44105,0.684062,0.210503,0.285556,-0.612331,-0.826022,1.04209,0.208773,-0.953984,-0.703628,-3.41558,0.735198,0.0780228,0.342499,1.59524,-0.469633,-0.026576,-1.05408,-0.631985,-0.182388,-0.259215,-2.18979,-0.612187,0.743267,-0.326071,0.436292,-0.355492,2.27628,0.247985,0.156238,-0.147052,-0.0147585,-0.218232,1.43726,0.00113849,1.09324,0.0811745,-0.880955,-1.08583,0.729205
0.802677,0.0205454,-0.770511,-0.216074,0.257564,-0.606975,0.690743,0.275119,-0.689121,0.24955,-0.534711,-0.671712,0.244564,-0.688443,-0.815291,-0.513305,-0.321143,0.292153,-1.45694,0.844914,0.779478,0.0247738,0.202348,-0.0803194,0.214397,0.273186,-1.58005,-0.9642,-0.536315,-0.789801,0.360866,-0.323748,-1.13941,-2.89913,-1.00665,-0.427699,-0.485396,1.24402,0.160018,1.44181,1.01635,-0.392922,1.16529,-1.61352,-0.365302,0.559597,-1.51247,-1.61963,-0.0677685,1.39535,2.03084,-0.51974,0.669857,-0.413836,-2.24433,0.102879,-0.0242884,-1.37711,-1.70776,-1.28595,-1.2957,-0.333161,-0.477026,-0.0760162,0.701075,-0.527011,-0.257384,-0.245994,1.2227,0.459469,-1.29932,0.0724084,-1.84533,0.534815,1.26173,-0.306276,-0.952343,-0.995156,-1.79982,-0.0764049,-1.07628,2.18971,1.54696,0.464007,-0.999834,1.91209,-0.609288,-0.531461,2.39574,-1.85326,0.0924391,-1.2722,-0.680496,0.90643,-0.594966,-0.136464,0.0928996,0.756541,-2.37312,-0.301412,1.46349,0.548965,0.0310354,-0.675393,0.369989,-0.980084,0.5824,0.185692,-0.734453,0.338978,0.710219,0.842631,-0.44049,-0.565864,-1.64221,-0.72653,0.150036,1.26441,-1.32543,0.701102,0.74318,-1.27189,0.424622,1.86193,-0.152739,-1.40647,1.10172,0.972208,0.0686717,0.286128,-1.34204,0.780142,0.686493,0.838687,-1.25726,0.0697768,-2.06366,-1.35774,-0.970195,0.0138472,-1.65207,-0.266005,-0.204183,-0.368937,0.625303,-0.853415,0.81933,-1.40919,-0.150722,0.432765,-1.59482,-0.779612,0.630857,0.973757,-0.611383,-1.23842,1.72866,-0.281724,0.322075,0.206876,-1.4984,0.370727,-1.84716,0.963907,-0.45316,-1.4867,-1.01326,-0.0575871,-2.04443,0.791593,-0.24548,0.470579,-2.15168,-0.517477,0.402893,-1.07382,1.31681,-0.208991,2.42988,0.560184,1.66544,-0.975465,0.586071,-0.805405,-0.232567,-0.885707,-1.45161,-0.924385,-0.840202,0.450369,-0.805165,-0.846048,2.11625,1.36033,-1.34191,0.447166,-1.44426,0.216069,0.995333,-0.483362,2.05463,0.804179,-0.757414,1.18859,-1.86576,1.63287,0.132427,-1.49445,-0.0804681,-1.62075,-1.63276,1.07251,0.356873,-0.473912,-0.819641,-0.680036,-0.148448,-0.946866,-1.31785,1.02966,0.943954,-0.522983,0.0373774,1.04837,0.887362,-1.18597,-1.03338,-1.16384,-1.34776,-1.2514,0.390382,-0.404539,-1.14886,1.58292,1.52669,-0.135044,-0.125444,0.253857,-1.44069,3.05289,-0.631604,0.673995,-0.373365,0.0393671,-1.85948,-1.00615,0.369119,-1.35268,0.9061,0.0866424,0.299168,0.667657,-1.63417,-1.27063,-0.568233,0.0526371
-0.443884,-0.408057,-0.418089,0.19493,-0.773534,0.486933,0.847953,1.19797,-0.669129,0.459588,0.301708,-0.16617,-0.19345,-0.263478,-1.19808,-0.592542,0.973302,-0.407452,0.27675,0.518798,-0.388024,-1.08461,1.04632,-1.69179,0.226364,0.621399,-1.34571,-1.50189,-0.146587,-1.36503,0.827669,0.275521,-1.98438,-0.0311743,-0.434054,1.33661,-0.259595,-0.532911,1.16844,0.172941,-2.50368,0.325225,0.987997,-0.902993,0.909602,1.24987,-0.588548,0.246246,-0.361912,-0.543337,1.17559,0.45269,0.299415,0.469628,-0.895575,-0.280688,-0.588231,-0.601581,1.04243,0.499388,0.951154,-1.29219,0.32669,-0.898378,1.11016,0.776175,0.892265,-1.52925,-0.118027,-2.55079,-0.60935,-0.100199,-0.147096,-0.426804,1.23324,0.340311,0.60346,-0.0611415,1.31549,1.91003,0.897341,-0.658267,-1.52317,1.28002,-0.780091,-0.707613,0.977952,1.27939,1.59726,-0.709106,0.68282,1.21106,0.260611,1.07127,0.640821,-0.723508,0.700139,-0.287738,0.720907,-1.89534,-0.0756507,2.40054,-0.499605,0.0953768,0.60392,-1.29787,0.756614,0.882856,0.544736,1.76252,0.825087,-0.16792,1.28681,-0.118529,-0.621039,-0.393898,-0.98862,0.140718,0.360759,0.707923,0.257833,1.04998,0.528656,-0.726012,-0.600418,2.44412,-0.590504,1.09758,1.06827,0.325269,0.417417,0.16473,0.73853,1.68631,1.22643,0.393753,1.02019,-1.32797,1.19494,0.903496,-0.770226,0.233837,-1.09026,1.03341,0.189222,-0.0882855,1.11462,-1.15937,-0.145418,-0.658618,-0.598892,0.928479,-0.247536,0.99876,0.7569,0.615877,0.380197,0.281447,0.492946,0.864581,-0.958216,0.426396,-1.11056,2.00472,-1.51851,-0.585201,-0.323968,-1.65129,-1.44891,-0.15096,-0.472336,0.541776,-1.16134,0.712061,0.315711,-0.182984,-0.767771,-0.841452,-1.22426,0.240683,-2.86278,1.12224,1.19051,1.56956,-0.472247,-1.47413,-0.657993,1.62113,-0.0233918,0.143857,0.606277,0.171237,-0.846697,1.93054,0.579245,-0.41517,0.0591522,0.106321,1.22298,0.706168,-1.80145,-0.118719,0.677776,-1.40628,-0.254411,0.941843,0.400381,-0.258585,0.264373,-0.296032,-0.245615,-0.0163332,0.118385,-1.18504,0.605153,-0.968362,0.61449,0.851007,-0.396628,-0.237887,0.140493,-0.493307,-0.944923,-0.44729,-1.81695,-0.966962,0.0562528,0.545628,0.730697,-0.412549,-0.299042,-0.177496,0.650033,1.5334,1.10136,-0.600507,-0.612234,-2.42167,0.442174,-1.16879,-0.185073,-0.477014,-1.36355,-0.237131,-0.793668,0.522741,-0.451577,1.84375,1.48966,1.52203,-0.378182,-0.622565,-1.04786,2.00747,-1.4985,0.708162
0.976137